{
    "Volkswagen": {
        "Golf": 13.96014371961104,
        "Passat": 14.08826236185833,
        "Jetta": 13.639097625958227,
        "Polo": 13.502585763143957,
        "Passat Variant": 13.99699926803766,
        "Bora": 12.923914877701906,
        "New Beetle": 13.34550852871726,
        "Scirocco": 13.81451105863119,
        "VW CC": 13.919871474189012
    },
    "Renault": {
        "Clio": 13.573571100992451,
        "Latitude": 13.251860635331875,
        "Scenic": 13.260826441540507,
        "Megane": 13.835743346896598,
        "Symbol": 13.15951168970869,
        "R 9": 12.341615170893522,
        "R 12": 12.055762818608919,
        "Fluence": 13.430524464389757,
        "Taliant": 13.692550554636403,
        "R 19": 12.367345048436391,
        "R 11": 12.04208793641979
    },
    "Toyota": {
        "Corolla": 13.74245702538883,
        "Yaris": 13.636328710711982,
        "Auris": 13.597551733796141,
        "Avensis": 13.483382486123867,
        "Prius": 13.120363378739665,
        "Verso": 13.81541155306345
    },
    "Fiat": {
        "Egea": 13.635287801910277,
        "Linea": 13.013185878499042,
        "Albea": 12.645417629060955,
        "Palio": 12.609577484577283,
        "Bravo": 13.235773569143245,
        "Tempra": 11.978521442552847,
        "Punto": 13.023927103208376,
        "Uno": 12.10459916525654,
        "Marea": 12.34148164933907,
        "Tipo": 12.217813768665447,
        "500 Ailesi": 13.120363378739665,
        "Siena": 12.580012147187166
    },
    "Hyundai": {
        "Accent Era": 13.08692578968118,
        "i20": 13.710412841111788,
        "i30": 13.707278070379928,
        "i10": 13.329207622152506,
        "i20 Troy": 13.116264824916888,
        "Accent Blue": 13.458553698811649,
        "Elantra": 13.638291785646834,
        "Matrix": 12.983103608918752,
        "Getz": 12.976531284223707,
        "i20 N": 14.427990377462038,
        "i20 Active": 13.874723360102744,
        "Accent": 12.47606386255925,
        "Excel": 11.736077016252436
    },
    "Audi": {
        "A3": 14.048929273990918,
        "A4": 14.216242809832792,
        "A6": 14.472099461740605,
        "A5": 14.790058178547456,
        "S": 14.878375209188299,
        "A8": 16.341239282272525,
        "A1": 13.563566155023564,
        "A7": 15.82707481102028
    },
    "BMW": {
        "3 Serisi": 13.823324625515692,
        "1 Serisi": 13.80275726972926,
        "5 Serisi": 14.290268725527042,
        "2 Serisi": 14.166195040306386,
        "7 Serisi": 13.527829818844936,
        "4 Serisi": 14.508428691148737,
        "M Serisi": 15.710834006995336,
        "i Serisi": 15.444751293772969
    },
    "Citroen": {
        "C4": 13.219168080330586,
        "C-Elysee": 13.458912890307044,
        "C4 X": 14.180109386597184,
        "C4 Picasso": 13.389461658120108,
        "C3": 13.467404303332765,
        "Xsara": 12.448472341604152,
        "C5": 13.068882571911182,
        "AMİ": 12.923914877701906,
        "C1": 13.0867248489942,
        "C3 Picasso": 13.52649559761195,
        "C4 Grand Picasso": 13.058360179622303,
        "Saxo": 12.278397958261774
    },
    "Ford": {
        "Fiesta": 13.082676946854837,
        "Focus": 13.60545518954924,
        "Mondeo": 13.234540290481675,
        "C-Max": 13.19977456597648,
        "Escort": 12.05573077124779,
        "B-Max": 13.557257649350102,
        "Taunus": 12.429220196836384,
        "Fusion": 12.88684469404428
    },
    "Mercedes - Benz": {
        "C": 14.326094109060069,
        "CLA": 14.574423559380374,
        "E": 14.093698303836666,
        "A": 13.958414929552209,
        "CLS": 15.377894435575836,
        "190": 13.142642660020103,
        "S": 15.118364778975375,
        "280": 12.409017571151187,
        "SLK": 14.13396501635527,
        "250": 12.971542813248435,
        "B": 13.919879965061273,
        "200": 12.746868740660918,
        "300": 14.276095596208146
    },
    "Opel": {
        "Astra": 13.364323163734161,
        "Vectra": 12.52543324220732,
        "Corsa": 13.268505574339153,
        "Insignia": 13.699984470172948,
        "Meriva": 12.786893438315085,
        "Agila": 12.429220196836384
    },
    "Peugeot": {
        "306": 12.28457916735999,
        "308": 13.609391247451205,
        "301": 13.318294590033439,
        "208": 13.513843945889331,
        "508": 13.856890084237037,
        "206": 12.601418091008293,
        "207": 13.141955311722656,
        "307": 12.70379593353828,
        "407": 12.910775619286277,
        "406": 12.771433688519863,
        "107": 13.241400944562548,
        "206+": 12.929142139927995,
        "106": 12.779875885354992,
        "RCZ": 13.753636218075409
    },
    "Skoda": {
        "Octavia": 13.869378443793071,
        "SuperB": 14.231473738183166,
        "Fabia": 13.365631826499133,
        "Scala": 14.004147654217075,
        "Rapid": 13.707796096595374,
        "Felicia": 12.334468642078168,
        "Favorit": 11.602100089095734,
        "Forman": 11.847487923800855
    },
    "Honda": {
        "Civic": 13.90351900359091,
        "City": 13.891105905367123,
        "Accord": 13.572450822521944,
        "Integra": 12.765691290604371,
        "Jazz": 13.329244675549017
    },
    "Chevrolet": {
        "Kalos": 12.641426763598668,
        "Lacetti": 12.717916844611164,
        "Rezzo": 12.561566762863228,
        "Aveo": 12.959888316407156,
        "Cruze": 13.177760269677476,
        "Spark": 12.863446069946583,
        "Camaro": 14.990051553258718,
        "Epica": 12.983103608918752
    }
}